Workbook

Sheet 說明
A1: 開床與護理人力試算表（討論用第一版）
A2: 版本：v0.1｜2026-10-15｜性質：假設試算，非員額核定依據
A4: 一、用途
A5: 1. 依法定三班護病比（醫學中心 1:6／1:9／1:11），試算各病房每班最少需要幾名護理師，以及一年需要多少 FTE。
A6: 2. 把「護理師的合理休假」直接算進 FTE：每名護理師一年實際可上班的班數，扣除國定假日、特休、病事假、公假與訓練之後才是可用人力。
A7: 3. 回答兩個問題：(1) 現有人力能支撐幾床？(2) 若要多開床，需要先補幾名護理師，才不會犧牲休假？
A9: 二、怎麼填
A10: ・藍色字＋淡黃底的格子＝可修改的輸入值；黑色字＝公式，請勿修改。
A11: ・灰底列＝範例資料，僅示範格式，請改為本院實際數字或刪除。
A12: ・請先到「參數」頁確認休假天數（須由人事單位依本院人員身分別與現行法規提供），其他頁會自動更新。
A14: 三、重要限制（面報時請一併說明）
A15: 1. 本表只計算「法定下限」，沒有反映病人照護需求的輕重；同樣符合護病比的單位，實際負荷仍可能差很多（這是後續最小可行性評估要回答的問題）。
... A19: 5. 住床率宜採偏高情境（例如 P80–P90 的日子），用平均值訂人力，約四分之一的日子會不足（Griffiths et al., 2020）。

Sheet 參數
A1: 項目 | B1: 數值 | C1: 說明／來源
A2: A. 法定三班護病比（醫學中心）
A3: 白班：每名護理師照顧病人數上限 | B3: 6 | C3: 衛福部 113.1.26 公告；醫療法 §12、§102-1（115.5.8 三讀）。醫學中心預計 116.5.20 起適用罰則（設置標準修正草案，正式發布待查）
A4: 小夜班：每名護理師照顧病人數上限 | B4: 9 | C4: 同上
A5: 大夜班：每名護理師照顧病人數上限 | B5: 11 | C5: 同上
A6: B. 每名護理師一年可上班班數
A7: 每週上班天數 | B7: 5 | C7: 勞基法 §30 每週 40 小時、每班 8 小時；例假與休息日已排除
A8: 一年週數 | B8: 52
A9: 國定假日天數（每人每年） | B9: 12 | C9: 【範例值】請人事依現行勞基法 §37 及本院人員身分別確認
A10: 特休平均天數（每人每年） | B10: 14 | C10: 【範例值】勞基法 §38 依年資 3–30 日；請以本院護理師年資分布計算平均
A11: 病假、事假平均天數 | B11: 5 | C11: 【範例值】請以本院近 12–24 個月差勤資料計算
A12: 公假、教育訓練、會議平均天數 | B12: 5 | C12: 【範例值】含院內外訓練、評鑑準備等離開病人照護的時間
A13: 其他長假折算天數（產假、育嬰留停等） | B13: 4 | C13: 【範例值】以全單位長假總天數 ÷ 人數折算
A14: 每名護理師一年可直接照護班數 | B14: =B7*B8-B9-B10-B11-B12-B13 -> 220 | C14: 公式：每週天數 × 週數 − 各項休假
A15: 非生產工時比率（參考） | B15: =1-B14/(B7*B8) -> 0.15384615 | C15: 可與國際比較：英國建議約 22%、實際 16–34%（NQB 2018；Sheffield Hallam 研究）
A16: C. 規劃情境
A17: 規劃住床率（病房預設值） | B17: 0.9 | C17: 【範例值】建議用 P80–P90 的日子，而非平均值
A18: 規劃住床率（加護病房預設值） | B18: 0.9 | C18: 【範例值】
A19: D. 衍生指標（自動計算）
A20: 病房每增開 1 床約需護理師 FTE（未取整） | B20: =B17*(1/B3+1/B4+1/B5)*365/B14 -> 0.55051653 | C20: 計算方式：住床率 ×（1/白 + 1/小夜 + 1/大夜）× 365 ÷ 每人可上班班數；實際排班因進位會呈階梯狀

Sheet 病房試算
A1: 單位 | B1: 類別 (內/外) | C1: 開放床數 | D1: 住床率 | E1: 預估在院 人數 | F1: 白班 最少人數 | G1: 小夜 最少人數 | H1: 大夜 最少人數 | I1: 每日需求 人班 | J1: 一年需求 人班 | K1: 需求 FTE | L1: 現有可直接 照護護理師 | M1: 差額 (現有−需求) | N1: 若不補人： 每人每年需 少休／加班天數 | O1: 每床 FTE
A2: 內科甲 | B2: 內 | C2: 40 | D2: =IF(C2="","",參數!$B$17) -> 0.9 | E2: =IF(C2="","",C2*D2) -> 36 | F2: =IF(C2="","",ROUNDUP(E2/參數!$B$3,0)) -> 6 | G2: =IF(C2="","",ROUNDUP(E2/參數!$B$4,0)) -> 4 | H2: =IF(C2="","",ROUNDUP(E2/參數!$B$5,0)) -> 4 | I2: =IF(C2="","",F2+G2+H2) -> 14 | J2: =IF(C2="","",I2*365) -> 5110 | K2: =IF(C2="","",J2/參數!$B$14) -> 23.227273 | L2: 24 | M2: =IF(OR(C2="",L2=""),"",L2-K2) -> 0.77272727 | N2: =IF(OR(C2="",L2="",L2=0),"",MAX(0,(J2-L2*參數!$B$14)/L2)) -> 0 | O2: =IF(C2="","",K2/C2) -> 0.58068182
A3: 內科乙 | B3: 內 | C3: 40 | D3: =IF(C3="","",參數!$B$17) -> 0.9 | E3: =IF(C3="","",C3*D3) -> 36 | F3: =IF(C3="","",ROUNDUP(E3/參數!$B$3,0)) -> 6 | G3: =IF(C3="","",ROUNDUP(E3/參數!$B$4,0)) -> 4 | H3: =IF(C3="","",ROUNDUP(E3/參數!$B$5,0)) -> 4 | I3: =IF(C3="","",F3+G3+H3) -> 14 | J3: =IF(C3="","",I3*365) -> 5110 | K3: =IF(C3="","",J3/參數!$B$14) -> 23.227273 | L3: 21 | M3: =IF(OR(C3="",L3=""),"",L3-K3) -> -2.2272727 | N3: =IF(OR(C3="",L3="",L3=0),"",MAX(0,(J3-L3*參數!$B$14)/L3)) -> 23.333333 | O3: =IF(C3="","",K3/C3) -> 0.58068182
A4: 內科丙 | B4: 內 | C4: 36 | D4: =IF(C4="","",參數!$B$17) -> 0.9 | E4: =IF(C4="","",C4*D4) -> 32.4 | F4: =IF(C4="","",ROUNDUP(E4/參數!$B$3,0)) -> 6 | G4: =IF(C4="","",ROUNDUP(E4/參數!$B$4,0)) -> 4 | H4: =IF(C4="","",ROUNDUP(E4/參數!$B$5,0)) -> 3 | I4: =IF(C4="","",F4+G4+H4) -> 13 | J4: =IF(C4="","",I4*365) -> 4745 | K4: =IF(C4="","",J4/參數!$B$14) -> 21.568182 | L4: 20 | M4: =IF(OR(C4="",L4=""),"",L4-K4) -> -1.5681818 | N4: =IF(OR(C4="",L4="",L4=0),"",MAX(0,(J4-L4*參數!$B$14)/L4)) -> 17.25 | O4: =IF(C4="","",K4/C4) -> 0.59911616
A5: 外科甲 | B5: 外 | C5: 45 | D5: =IF(C5="","",參數!$B$17) -> 0.9 | E5: =IF(C5="","",C5*D5) -> 40.5 | F5: =IF(C5="","",ROUNDUP(E5/參數!$B$3,0)) -> 7 | G5: =IF(C5="","",ROUNDUP(E5/參數!$B$4,0)) -> 5 | H5: =IF(C5="","",ROUNDUP(E5/參數!$B$5,0)) -> 4 | I5: =IF(C5="","",F5+G5+H5) -> 16 | J5: =IF(C5="","",I5*365) -> 5840 | K5: =IF(C5="","",J5/參數!$B$14) -> 26.545455 | L5: 25 | M5: =IF(OR(C5="",L5=""),"",L5-K5) -> -1.5454545 | N5: =IF(OR(C5="",L5="",L5=0),"",MAX(0,(J5-L5*參數!$B$14)/L5)) -> 13.6 | O5: =IF(C5="","",K5/C5) -> 0.58989899
A6: 外科乙 | B6: 外 | C6: 38 | D6: =IF(C6="","",參數!$B$17) -> 0.9 | E6: =IF(C6="","",C6*D6) -> 34.2 | F6: =IF(C6="","",ROUNDUP(E6/參數!$B$3,0)) -> 6 | G6: =IF(C6="","",ROUNDUP(E6/參數!$B$4,0)) -> 4 | H6: =IF(C6="","",ROUNDUP(E6/參數!$B$5,0)) -> 4 | I6: =IF(C6="","",F6+G6+H6) -> 14 | J6: =IF(C6="","",I6*365) -> 5110 | K6: =IF(C6="","",J6/參數!$B$14) -> 23.227273 | L6: 20 | M6: =IF(OR(C6="",L6=""),"",L6-K6) -> -3.2272727 | N6: =IF(OR(C6="",L6="",L6=0),"",MAX(0,(J6-L6*參數!$B$14)/L6)) -> 35.5 | O6: =IF(C6="","",K6/C6) -> 0.61124402
D7: =IF(C7="","",參數!$B$17) | E7: =IF(C7="","",C7*D7) | F7: =IF(C7="","",ROUNDUP(E7/參數!$B$3,0)) | G7: =IF(C7="","",ROUNDUP(E7/參數!$B$4,0)) | H7: =IF(C7="","",ROUNDUP(E7/參數!$B$5,0)) | I7: =IF(C7="","",F7+G7+H7) | J7: =IF(C7="","",I7*365) | K7: =IF(C7="","",J7/參數!$B$14) | M7: =IF(OR(C7="",L7=""),"",L7-K7) | N7: =IF(OR(C7="",L7="",L7=0),"",MAX(0,(J7-L7*參數!$B$14)/L7)) | O7: =IF(C7="","",K7/C7)
D8: =IF(C8="","",參數!$B$17) | E8: =IF(C8="","",C8*D8) | F8: =IF(C8="","",ROUNDUP(E8/參數!$B$3,0)) | G8: =IF(C8="","",ROUNDUP(E8/參數!$B$4,0)) | H8: =IF(C8="","",ROUNDUP(E8/參數!$B$5,0)) | I8: =IF(C8="","",F8+G8+H8) | J8: =IF(C8="","",I8*365) | K8: =IF(C8="","",J8/參數!$B$14) | M8: =IF(OR(C8="",L8=""),"",L8-K8) | N8: =IF(OR(C8="",L8="",L8=0),"",MAX(0,(J8-L8*參數!$B$14)/L8)) | O8: =IF(C8="","",K8/C8)
D9: =IF(C9="","",參數!$B$17) | E9: =IF(C9="","",C9*D9) | F9: =IF(C9="","",ROUNDUP(E9/參數!$B$3,0)) | G9: =IF(C9="","",ROUNDUP(E9/參數!$B$4,0)) | H9: =IF(C9="","",ROUNDUP(E9/參數!$B$5,0)) | I9: =IF(C9="","",F9+G9+H9) | J9: =IF(C9="","",I9*365) | K9: =IF(C9="","",J9/參數!$B$14) | M9: =IF(OR(C9="",L9=""),"",L9-K9) | N9: =IF(OR(C9="",L9="",L9=0),"",MAX(0,(J9-L9*參數!$B$14)/L9)) | O9: =IF(C9="","",K9/C9)
D10: =IF(C10="","",參數!$B$17) | E10: =IF(C10="","",C10*D10) | F10: =IF(C10="","",ROUNDUP(E10/參數!$B$3,0)) | G10: =IF(C10="","",ROUNDUP(E10/參數!$B$4,0)) | H10: =IF(C10="","",ROUNDUP(E10/參數!$B$5,0)) | I10: =IF(C10="","",F10+G10+H10) | J10: =IF(C10="","",I10*365) | K10: =IF(C10="","",J10/參數!$B$14) | M10: =IF(OR(C10="",L10=""),"",L10-K10) | N10: =IF(OR(C10="",L10="",L10=0),"",MAX(0,(J10-L10*參數!$B$14)/L10)) | O10: =IF(C10="","",K10/C10)
D11: =IF(C11="","",參數!$B$17) | E11: =IF(C11="","",C11*D11) | F11: =IF(C11="","",ROUNDUP(E11/參數!$B$3,0)) | G11: =IF(C11="","",ROUNDUP(E11/參數!$B$4,0)) | H11: =IF(C11="","",ROUNDUP(E11/參數!$B$5,0)) | I11: =IF(C11="","",F11+G11+H11) | J11: =IF(C11="","",I11*365) | K11: =IF(C11="","",J11/參數!$B$14) | M11: =IF(OR(C11="",L11=""),"",L11-K11) | N11: =IF(OR(C11="",L11="",L11=0),"",MAX(0,(J11-L11*參數!$B$14)/L11)) | O11: =IF(C11="","",K11/C11)
D12: =IF(C12="","",參數!$B$17) | E12: =IF(C12="","",C12*D12) | F12: =IF(C12="","",ROUNDUP(E12/參數!$B$3,0)) | G12: =IF(C12="","",ROUNDUP(E12/參數!$B$4,0)) | H12: =IF(C12="","",ROUNDUP(E12/參數!$B$5,0)) | I12: =IF(C12="","",F12+G12+H12) | J12: =IF(C12="","",I12*365) | K12: =IF(C12="","",J12/參數!$B$14) | M12: =IF(OR(C12="",L12=""),"",L12-K12) | N12: =IF(OR(C12="",L12="",L12=0),"",MAX(0,(J12-L12*參數!$B$14)/L12)) | O12: =IF(C12="","",K12/C12)
D13: =IF(C13="","",參數!$B$17) | E13: =IF(C13="","",C13*D13) | F13: =IF(C13="","",ROUNDUP(E13/參數!$B$3,0)) | G13: =IF(C13="","",ROUNDUP(E13/參數!$B$4,0)) | H13: =IF(C13="","",ROUNDUP(E13/參數!$B$5,0)) | I13: =IF(C13="","",F13+G13+H13) | J13: =IF(C13="","",I13*365) | K13: =IF(C13="","",J13/參數!$B$14) | M13: =IF(OR(C13="",L13=""),"",L13-K13) | N13: =IF(OR(C13="",L13="",L13=0),"",MAX(0,(J13-L13*參數!$B$14)/L13)) | O13: =IF(C13="","",K13/C13)
D14: =IF(C14="","",參數!$B$17) | E14: =IF(C14="","",C14*D14) | F14: =IF(C14="","",ROUNDUP(E14/參數!$B$3,0)) | G14: =IF(C14="","",ROUNDUP(E14/參數!$B$4,0)) | H14: =IF(C14="","",ROUNDUP(E14/參數!$B$5,0)) | I14: =IF(C14="","",F14+G14+H14) | J14: =IF(C14="","",I14*365) | K14: =IF(C14="","",J14/參數!$B$14) | M14: =IF(OR(C14="",L14=""),"",L14-K14) | N14: =IF(OR(C14="",L14="",L14=0),"",MAX(0,(J14-L14*參數!$B$14)/L14)) | O14: =IF(C14="","",K14/C14)
D15: =IF(C15="","",參數!$B$17) | E15: =IF(C15="","",C15*D15) | F15: =IF(C15="","",ROUNDUP(E15/參數!$B$3,0)) | G15: =IF(C15="","",ROUNDUP(E15/參數!$B$4,0)) | H15: =IF(C15="","",ROUNDUP(E15/參數!$B$5,0)) | I15: =IF(C15="","",F15+G15+H15) | J15: =IF(C15="","",I15*365) | K15: =IF(C15="","",J15/參數!$B$14) | M15: =IF(OR(C15="",L15=""),"",L15-K15) | N15: =IF(OR(C15="",L15="",L15=0),"",MAX(0,(J15-L15*參數!$B$14)/L15)) | O15: =IF(C15="","",K15/C15)
D16: =IF(C16="","",參數!$B$17) | E16: =IF(C16="","",C16*D16) | F16: =IF(C16="","",ROUNDUP(E16/參數!$B$3,0)) | G16: =IF(C16="","",ROUNDUP(E16/參數!$B$4,0)) | H16: =IF(C16="","",ROUNDUP(E16/參數!$B$5,0)) | I16: =IF(C16="","",F16+G16+H16) | J16: =IF(C16="","",I16*365) | K16: =IF(C16="","",J16/參數!$B$14) | M16: =IF(OR(C16="",L16=""),"",L16-K16) | N16: =IF(OR(C16="",L16="",L16=0),"",MAX(0,(J16-L16*參數!$B$14)/L16)) | O16: =IF(C16="","",K16/C16)
D17: =IF(C17="","",參數!$B$17) | E17: =IF(C17="","",C17*D17) | F17: =IF(C17="","",ROUNDUP(E17/參數!$B$3,0)) | G17: =IF(C17="","",ROUNDUP(E17/參數!$B$4,0)) | H17: =IF(C17="","",ROUNDUP(E17/參數!$B$5,0)) | I17: =IF(C17="","",F17+G17+H17) | J17: =IF(C17="","",I17*365) | K17: =IF(C17="","",J17/參數!$B$14) | M17: =IF(OR(C17="",L17=""),"",L17-K17) | N17: =IF(OR(C17="",L17="",L17=0),"",MAX(0,(J17-L17*參數!$B$14)/L17)) | O17: =IF(C17="","",K17/C17)
D18: =IF(C18="","",參數!$B$17) | E18: =IF(C18="","",C18*D18) | F18: =IF(C18="","",ROUNDUP(E18/參數!$B$3,0)) | G18: =IF(C18="","",ROUNDUP(E18/參數!$B$4,0)) | H18: =IF(C18="","",ROUNDUP(E18/參數!$B$5,0)) | I18: =IF(C18="","",F18+G18+H18) | J18: =IF(C18="","",I18*365) | K18: =IF(C18="","",J18/參數!$B$14) | M18: =IF(OR(C18="",L18=""),"",L18-K18) | N18: =IF(OR(C18="",L18="",L18=0),"",MAX(0,(J18-L18*參數!$B$14)/L18)) | O18: =IF(C18="","",K18/C18)
... D21: =IF(C21="","",參數!$B$17) | E21: =IF(C21="","",C21*D21) | F21: =IF(C21="","",ROUNDUP(E21/參數!$B$3,0)) | G21: =IF(C21="","",ROUNDUP(E21/參數!$B$4,0)) | H21: =IF(C21="","",ROUNDUP(E21/參數!$B$5,0)) | I21: =IF(C21="","",F21+G21+H21) | J21: =IF(C21="","",I21*365) | K21: =IF(C21="","",J21/參數!$B$14) | M21: =IF(OR(C21="",L21=""),"",L21-K21) | N21: =IF(OR(C21="",L21="",L21=0),"",MAX(0,(J21-L21*參數!$B$14)/L21)) | O21: =IF(C21="","",K21/C21)
A22: 合計 | C22: =SUM(C2:C21) -> 199 | E22: =SUM(E2:E21) -> 179.1 | I22: =SUM(I2:I21) -> 71 | J22: =SUM(J2:J21) -> 25915 | K22: =SUM(K2:K21) -> 117.79545 | L22: =SUM(L2:L21) -> 110 | M22: =SUM(M2:M21) -> -7.7954545
A24: 說明：D 欄預設帶入「參數」頁住床率，可直接覆寫個別單位。L 欄只填可直接照護病人的護理師（不含護理長、專科護理師、未獨立新人）。灰底為範例資料。
A25: N 欄意義：若不補人，現有護理師每人每年平均要多上幾班（等同少休幾天）才能維持法定護病比。這就是「休不到假」的數字化呈現。

Sheet 開床情境
A1: 單一病房：床數與最少護理人力對照（依參數頁的護病比、住床率與休假）
A2: 用法：看「每多開幾床，要多幾名護理師」；E 欄跳動處代表某一班需要多排 1 人。
A4: 開放床數 | B4: 預估在院人數 | C4: 白班 | D4: 小夜 | E4: 大夜 | F4: 每日人班 | G4: 需求FTE | H4: 比前一列 增加FTE
A5: 20 | B5: =A5*參數!$B$17 -> 18 | C5: =ROUNDUP(B5/參數!$B$3,0) -> 3 | D5: =ROUNDUP(B5/參數!$B$4,0) -> 2 | E5: =ROUNDUP(B5/參數!$B$5,0) -> 2 | F5: =C5+D5+E5 -> 7 | G5: =F5*365/參數!$B$14 -> 11.613636
A6: 22 | B6: =A6*參數!$B$17 -> 19.8 | C6: =ROUNDUP(B6/參數!$B$3,0) -> 4 | D6: =ROUNDUP(B6/參數!$B$4,0) -> 3 | E6: =ROUNDUP(B6/參數!$B$5,0) -> 2 | F6: =C6+D6+E6 -> 9 | G6: =F6*365/參數!$B$14 -> 14.931818 | H6: =G6-G5 -> 3.3181818
A7: 24 | B7: =A7*參數!$B$17 -> 21.6 | C7: =ROUNDUP(B7/參數!$B$3,0) -> 4 | D7: =ROUNDUP(B7/參數!$B$4,0) -> 3 | E7: =ROUNDUP(B7/參數!$B$5,0) -> 2 | F7: =C7+D7+E7 -> 9 | G7: =F7*365/參數!$B$14 -> 14.931818 | H7: =G7-G6 -> 0
A8: 26 | B8: =A8*參數!$B$17 -> 23.4 | C8: =ROUNDUP(B8/參數!$B$3,0) -> 4 | D8: =ROUNDUP(B8/參數!$B$4,0) -> 3 | E8: =ROUNDUP(B8/參數!$B$5,0) -> 3 | F8: =C8+D8+E8 -> 10 | G8: =F8*365/參數!$B$14 -> 16.590909 | H8: =G8-G7 -> 1.6590909
A9: 28 | B9: =A9*參數!$B$17 -> 25.2 | C9: =ROUNDUP(B9/參數!$B$3,0) -> 5 | D9: =ROUNDUP(B9/參數!$B$4,0) -> 3 | E9: =ROUNDUP(B9/參數!$B$5,0) -> 3 | F9: =C9+D9+E9 -> 11 | G9: =F9*365/參數!$B$14 -> 18.25 | H9: =G9-G8 -> 1.6590909
A10: 30 | B10: =A10*參數!$B$17 -> 27 | C10: =ROUNDUP(B10/參數!$B$3,0) -> 5 | D10: =ROUNDUP(B10/參數!$B$4,0) -> 3 | E10: =ROUNDUP(B10/參數!$B$5,0) -> 3 | F10: =C10+D10+E10 -> 11 | G10: =F10*365/參數!$B$14 -> 18.25 | H10: =G10-G9 -> 0
A11: 32 | B11: =A11*參數!$B$17 -> 28.8 | C11: =ROUNDUP(B11/參數!$B$3,0) -> 5 | D11: =ROUNDUP(B11/參數!$B$4,0) -> 4 | E11: =ROUNDUP(B11/參數!$B$5,0) -> 3 | F11: =C11+D11+E11 -> 12 | G11: =F11*365/參數!$B$14 -> 19.909091 | H11: =G11-G10 -> 1.6590909
A12: 34 | B12: =A12*參數!$B$17 -> 30.6 | C12: =ROUNDUP(B12/參數!$B$3,0) -> 6 | D12: =ROUNDUP(B12/參數!$B$4,0) -> 4 | E12: =ROUNDUP(B12/參數!$B$5,0) -> 3 | F12: =C12+D12+E12 -> 13 | G12: =F12*365/參數!$B$14 -> 21.568182 | H12: =G12-G11 -> 1.6590909
A13: 36 | B13: =A13*參數!$B$17 -> 32.4 | C13: =ROUNDUP(B13/參數!$B$3,0) -> 6 | D13: =ROUNDUP(B13/參數!$B$4,0) -> 4 | E13: =ROUNDUP(B13/參數!$B$5,0) -> 3 | F13: =C13+D13+E13 -> 13 | G13: =F13*365/參數!$B$14 -> 21.568182 | H13: =G13-G12 -> 0
A14: 38 | B14: =A14*參數!$B$17 -> 34.2 | C14: =ROUNDUP(B14/參數!$B$3,0) -> 6 | D14: =ROUNDUP(B14/參數!$B$4,0) -> 4 | E14: =ROUNDUP(B14/參數!$B$5,0) -> 4 | F14: =C14+D14+E14 -> 14 | G14: =F14*365/參數!$B$14 -> 23.227273 | H14: =G14-G13 -> 1.6590909
A15: 40 | B15: =A15*參數!$B$17 -> 36 | C15: =ROUNDUP(B15/參數!$B$3,0) -> 6 | D15: =ROUNDUP(B15/參數!$B$4,0) -> 4 | E15: =ROUNDUP(B15/參數!$B$5,0) -> 4 | F15: =C15+D15+E15 -> 14 | G15: =F15*365/參數!$B$14 -> 23.227273 | H15: =G15-G14 -> 0
A16: 42 | B16: =A16*參數!$B$17 -> 37.8 | C16: =ROUNDUP(B16/參數!$B$3,0) -> 7 | D16: =ROUNDUP(B16/參數!$B$4,0) -> 5 | E16: =ROUNDUP(B16/參數!$B$5,0) -> 4 | F16: =C16+D16+E16 -> 16 | G16: =F16*365/參數!$B$14 -> 26.545455 | H16: =G16-G15 -> 3.3181818
A17: 44 | B17: =A17*參數!$B$17 -> 39.6 | C17: =ROUNDUP(B17/參數!$B$3,0) -> 7 | D17: =ROUNDUP(B17/參數!$B$4,0) -> 5 | E17: =ROUNDUP(B17/參數!$B$5,0) -> 4 | F17: =C17+D17+E17 -> 16 | G17: =F17*365/參數!$B$14 -> 26.545455 | H17: =G17-G16 -> 0
... A25: 60 | B25: =A25*參數!$B$17 -> 54 | C25: =ROUNDUP(B25/參數!$B$3,0) -> 9 | D25: =ROUNDUP(B25/參數!$B$4,0) -> 6 | E25: =ROUNDUP(B25/參數!$B$5,0) -> 5 | F25: =C25+D25+E25 -> 20 | G25: =F25*365/參數!$B$14 -> 33.181818 | H25: =G25-G24 -> 0

Sheet 加護病房試算
A1: 加護病房：法定下限 vs. 24 小時排班需求
A2: 法定：每床至少 1.5 名護理人員（總編制，條文待核）。每班護病比為院內政策或慣例（如 1:2），請依本院實況填寫。
A4: 單位 | B4: 開放床數 | C4: 住床率 | D4: 預估在院 人數 | E4: 白班 護病比 (1:X) | F4: 小夜 護病比 (1:X) | G4: 大夜 護病比 (1:X) | H4: 白班 人數 | I4: 小夜 人數 | J4: 大夜 人數 | K4: 每日 人班 | L4: 排班需求 FTE | M4: 法定最低 人數 (床×1.5) | N4: 現有可直接 照護護理師 | O4: 差額 (對排班需求) | P4: 差額 (對法定)
A5: 內科加護 | B5: 20 | C5: =IF(B5="","",參數!$B$18) -> 0.9 | D5: =IF(B5="","",B5*C5) -> 18 | E5: 2 | F5: 2 | G5: 2 | H5: =IF(OR(B5="",E5=""),"",ROUNDUP(D5/E5,0)) -> 9 | I5: =IF(OR(B5="",F5=""),"",ROUNDUP(D5/F5,0)) -> 9 | J5: =IF(OR(B5="",G5=""),"",ROUNDUP(D5/G5,0)) -> 9 | K5: =IF(B5="","",H5+I5+J5) -> 27 | L5: =IF(B5="","",K5*365/參數!$B$14) -> 44.795455 | M5: =IF(B5="","",B5*1.5) -> 30 | N5: 30 | O5: =IF(OR(B5="",N5=""),"",N5-L5) -> -14.795455 | P5: =IF(OR(B5="",N5=""),"",N5-M5) -> 0
A6: 外科加護 | B6: 20 | C6: =IF(B6="","",參數!$B$18) -> 0.9 | D6: =IF(B6="","",B6*C6) -> 18 | E6: 2 | F6: 2 | G6: 2 | H6: =IF(OR(B6="",E6=""),"",ROUNDUP(D6/E6,0)) -> 9 | I6: =IF(OR(B6="",F6=""),"",ROUNDUP(D6/F6,0)) -> 9 | J6: =IF(OR(B6="",G6=""),"",ROUNDUP(D6/G6,0)) -> 9 | K6: =IF(B6="","",H6+I6+J6) -> 27 | L6: =IF(B6="","",K6*365/參數!$B$14) -> 44.795455 | M6: =IF(B6="","",B6*1.5) -> 30 | N6: 32 | O6: =IF(OR(B6="",N6=""),"",N6-L6) -> -12.795455 | P6: =IF(OR(B6="",N6=""),"",N6-M6) -> 2
C7: =IF(B7="","",參數!$B$18) | D7: =IF(B7="","",B7*C7) | H7: =IF(OR(B7="",E7=""),"",ROUNDUP(D7/E7,0)) | I7: =IF(OR(B7="",F7=""),"",ROUNDUP(D7/F7,0)) | J7: =IF(OR(B7="",G7=""),"",ROUNDUP(D7/G7,0)) | K7: =IF(B7="","",H7+I7+J7) | L7: =IF(B7="","",K7*365/參數!$B$14) | M7: =IF(B7="","",B7*1.5) | O7: =IF(OR(B7="",N7=""),"",N7-L7) | P7: =IF(OR(B7="",N7=""),"",N7-M7)
C8: =IF(B8="","",參數!$B$18) | D8: =IF(B8="","",B8*C8) | H8: =IF(OR(B8="",E8=""),"",ROUNDUP(D8/E8,0)) | I8: =IF(OR(B8="",F8=""),"",ROUNDUP(D8/F8,0)) | J8: =IF(OR(B8="",G8=""),"",ROUNDUP(D8/G8,0)) | K8: =IF(B8="","",H8+I8+J8) | L8: =IF(B8="","",K8*365/參數!$B$14) | M8: =IF(B8="","",B8*1.5) | O8: =IF(OR(B8="",N8=""),"",N8-L8) | P8: =IF(OR(B8="",N8=""),"",N8-M8)
C9: =IF(B9="","",參數!$B$18) | D9: =IF(B9="","",B9*C9) | H9: =IF(OR(B9="",E9=""),"",ROUNDUP(D9/E9,0)) | I9: =IF(OR(B9="",F9=""),"",ROUNDUP(D9/F9,0)) | J9: =IF(OR(B9="",G9=""),"",ROUNDUP(D9/G9,0)) | K9: =IF(B9="","",H9+I9+J9) | L9: =IF(B9="","",K9*365/參數!$B$14) | M9: =IF(B9="","",B9*1.5) | O9: =IF(OR(B9="",N9=""),"",N9-L9) | P9: =IF(OR(B9="",N9=""),"",N9-M9)
C10: =IF(B10="","",參數!$B$18) | D10: =IF(B10="","",B10*C10) | H10: =IF(OR(B10="",E10=""),"",ROUNDUP(D10/E10,0)) | I10: =IF(OR(B10="",F10=""),"",ROUNDUP(D10/F10,0)) | J10: =IF(OR(B10="",G10=""),"",ROUNDUP(D10/G10,0)) | K10: =IF(B10="","",H10+I10+J10) | L10: =IF(B10="","",K10*365/參數!$B$14) | M10: =IF(B10="","",B10*1.5) | O10: =IF(OR(B10="",N10=""),"",N10-L10) | P10: =IF(OR(B10="",N10=""),"",N10-M10)
C11: =IF(B11="","",參數!$B$18) | D11: =IF(B11="","",B11*C11) | H11: =IF(OR(B11="",E11=""),"",ROUNDUP(D11/E11,0)) | I11: =IF(OR(B11="",F11=""),"",ROUNDUP(D11/F11,0)) | J11: =IF(OR(B11="",G11=""),"",ROUNDUP(D11/G11,0)) | K11: =IF(B11="","",H11+I11+J11) | L11: =IF(B11="","",K11*365/參數!$B$14) | M11: =IF(B11="","",B11*1.5) | O11: =IF(OR(B11="",N11=""),"",N11-L11) | P11: =IF(OR(B11="",N11=""),"",N11-M11)
C12: =IF(B12="","",參數!$B$18) | D12: =IF(B12="","",B12*C12) | H12: =IF(OR(B12="",E12=""),"",ROUNDUP(D12/E12,0)) | I12: =IF(OR(B12="",F12=""),"",ROUNDUP(D12/F12,0)) | J12: =IF(OR(B12="",G12=""),"",ROUNDUP(D12/G12,0)) | K12: =IF(B12="","",H12+I12+J12) | L12: =IF(B12="","",K12*365/參數!$B$14) | M12: =IF(B12="","",B12*1.5) | O12: =IF(OR(B12="",N12=""),"",N12-L12) | P12: =IF(OR(B12="",N12=""),"",N12-M12)
A14: 解讀：M 欄（法定）通常小於 L 欄（24 小時排班需求）。代表只看「每床 1.5 人」，扣掉休假後可能排不出每班 1:2。
A15: 下一步：以 NAS 評估每位護理師每班實際承擔的負荷，內外科加護可用「每位護理師 NAS」互相比較。

Sheet 來源
A1: 來源與查核狀態
A2: 衛福部 113.1.26 公告三班護病比標準（mohw.gov.tw cp-6656-77368-1）；醫療法 §12、§102-1 修正（115.5.8 三讀）。
A3: 醫療機構設置標準 §12-1 及 §23 修正草案（衛部醫字第1151665340號，115.6.9 預告；正式發布待查）。
A4: 醫療機構設置標準附表：加護病床每床護理人員 ≥1.5 人（行政院公報；現行條文待逐條核對）。
A5: 勞動基準法 §30、§30-1、§32、§34、§36–§38（勞動部；最新修正 113.7.31）。休假天數須依本院人員身分別確認。
A6: National Quality Board (2018) 及 Sheffield Hallam University 'Are Headrooms Realistic?'：英國 uplift 建議 22%，實際 16–34%。
A7: Griffiths P, et al. Health Serv Deliv Res 2020;8(16)：以平均值訂編制，約 26% 病房日人力不足 ≥15%。
A8: 註：本表所有查核僅經搜尋摘要比對，正式引用前須讀原文；詳見專案 sources.md。
